[
  {
    "inputs": [{"name": "amount", "type": "uint256"}],
    "name": "stake",
    "outputs": [],
    "stateMutability": "nonpayable",
    "type": "function"
  },
  {
    "inputs": [{"name": "amount", "type": "uint256"}],
    "name": "unstake",
    "outputs": [],
    "stateMutability": "nonpayable",
    "type": "function"
  },
  {
    "inputs": [],
    "name": "claimRewards",
    "outputs": [],
    "stateMutability": "nonpayable",
    "type": "function"
  },
  {
    "inputs": [{"name": "user", "type": "address"}],
    "name": "calculateRewards",
    "outputs": [{"name": "", "type": "uint256"}],
    "stateMutability": "view",
    "type": "function"
  },
  {
    "inputs": [{"name": "user", "type": "address"}],
    "name": "getUserStakeInfo",
    "outputs": [
      {"name": "amount", "type": "uint256"},
      {"name": "startTime", "type": "uint256"},
      {"name": "lastClaimTime", "type": "uint256"},
      {"name": "tier", "type": "uint8"},
      {"name": "pendingRewards", "type": "uint256"}
    ],
    "stateMutability": "view",
    "type": "function"
  },
  {
    "inputs": [],
    "name": "totalStaked",
    "outputs": [{"name": "", "type": "uint256"}],
    "stateMutability": "view",
    "type": "function"
  }
]
