[
  {
    "inputs": [{"name": "spender", "type": "address"}, {"name": "amount", "type": "uint256"}],
    "name": "approve",
    "outputs": [{"name": "", "type": "bool"}],
    "stateMutability": "nonpayable",
    "type": "function"
  },
  {
    "inputs": [{"name": "account", "type": "address"}],
    "name": "balanceOf",
    "outputs": [{"name": "", "type": "uint256"}],
    "stateMutability": "view",
    "type": "function"
  },
  {
    "inputs": [],
    "name": "totalSupply",
    "outputs": [{"name": "", "type": "uint256"}],
    "stateMutability": "view",
    "type": "function"
  },
  {
    "inputs": [],
    "name": "totalBurned",
    "outputs": [{"name": "", "type": "uint256"}],
    "stateMutability": "view",
    "type": "function"
  },
  {
    "inputs": [{"name": "to", "type": "address"}, {"name": "amount", "type": "uint256"}],
    "name": "transfer",
    "outputs": [{"name": "", "type": "bool"}],
    "stateMutability": "nonpayable",
    "type": "function"
  },
  {
    "inputs": [{"name": "amount", "type": "uint256"}],
    "name": "burn",
    "outputs": [],
    "stateMutability": "nonpayable",
    "type": "function"
  },
  {
    "inputs": [],
    "name": "circulatingSupply",
    "outputs": [{"name": "", "type": "uint256"}],
    "stateMutability": "view",
    "type": "function"
  }
]
